java,jfree/jfreechart,332fc4d81c165f2f51ce6282736d0753203e3143,1,setSymbols,src/main/java/org/jfree/chart/axis/SymbolAxis.java,True
java,jfree/jfreechart,1f40a88bedad67629b4917bc322642ffb1f42e79,1,getGap,source/org/jfree/chart/plot/CombinedDomainCategoryPlot.java,True
java,jfree/jfreechart,0a0fff13cb81b85ea7cbcbc8415e101e0c25b3ec,1,getOutliers,source/org/jfree/data/statistics/DefaultBoxAndWhiskerXYDataset.java,True
java,apache/commons-csv,b460ef6200076887fa1aaaa617bfa6e80b926dc8,1,isSet,src/main/java/org/apache/commons/csv/CSVRecord.java,True
java,apache/commons-csv,e6ba150743d6bdd3d89867d106f1848a25149140,1,getLineNumber,src/main/java/org/apache/commons/csv/ExtendedBufferedReader.java,True
java,apache/commons-csv,fe102749181b7ba21600b12e3ec094e9bcf6250e,1,readLine,src/main/java/org/apache/commons/csv/ExtendedBufferedReader.java,True
java,apache/commons-csv,4f61bd1aeefb2845cb3e7ead1975bad02735b406,1,getLineNumber,src/main/java/org/apache/commons/csv/ExtendedBufferedReader.java,True
java,apache/commons-csv,8861157a564e494b49d06fb599ed9c3b276b15b4,1,withCommentMarker,src/main/java/org/apache/commons/csv/CSVFormat.java,True
java,apache/commons-csv,8861157a564e494b49d06fb599ed9c3b276b15b4,2,withRecordSeparator,src/main/java/org/apache/commons/csv/CSVFormat.java,True
java,apache/commons-csv,8861157a564e494b49d06fb599ed9c3b276b15b4,3,withQuote,src/main/java/org/apache/commons/csv/CSVFormat.java,True
java,apache/commons-csv,51049fd117ae5d0cdfaec7fbf0a6de940502346b,1,isComment,src/main/java/org/apache/commons/csv/CSVRecord.java,True
java,apache/commons-codec,6175c99ee3055b3a87d9c51e59ab8be22a4c1cfc,1,crypt,src/main/java/org/apache/commons/codec/digest/UnixCrypt.java,True
java,apache/commons-codec,cd91956caf3aed9402b6a0c43affc3a7e8546661,1,crypt,src/main/java/org/apache/commons/codec/digest/Crypt.java,True
java,apache/commons-codec,627b5fde397040acbf234bc132cc0f7cfaf4673e,1,hash32,src/main/java/org/apache/commons/codec/digest/MurmurHash2.java,True
java,apache/commons-codec,65ebf2cbe46f9c9328ac96f16e7ce1297a4f756c,1,append ,src/main/java/org/apache/commons/codec/language/bm/PhoneticEngine.java,True
java,apache/commons-codec,5223a63fa67fddcd092b2ae214b1eff0173a52c2,1,encodeBase64String,src/java/org/apache/commons/codec/binary/Base64.java,True
java,apache/commons-codec,627b5fde397040acbf234bc132cc0f7cfaf4673e,2,hash64,src/main/java/org/apache/commons/codec/digest/MurmurHash2.java,True
java,jhy/jsoup,4b0dde413a3c38a77461ac64ad278a042d6eea68,1,not,src/main/java/org/jsoup/select/Elements.java,True
java,jhy/jsoup,2bef2e7ce9b8089a9e0ae3cf82f7625a5b93ed09,1,select,src/main/java/org/jsoup/nodes/Element.java,True
java,jhy/jsoup,2bef2e7ce9b8089a9e0ae3cf82f7625a5b93ed09,2,select,src/main/java/org/jsoup/select/Selector.java,True
java,jhy/jsoup,fd12d272397fc04da34beac8c8f6e3faae81583f,1,appendChild,src/main/java/org/jsoup/nodes/Element.java,True
java,jhy/jsoup,fd12d272397fc04da34beac8c8f6e3faae81583f,2,prependChild,src/main/java/org/jsoup/nodes/Element.java,True
java,jhy/jsoup,f9f37e19876202a1db257a9e59452b0f10035fbf,1,child,src/main/java/org/jsoup/nodes/Element.java,True
java,jhy/jsoup,fc41ec98eaf2a9f803602c4d2dea6703edbdf4c7,1,parse,src/main/java/org/jsoup/Jsoup.java,True
java,jhy/jsoup,457aea0619e1dad63e03a8b7b7a61d030d5ec946,1,ownText,src/main/java/org/jsoup/nodes/Element.java,True
java,FasterXML/jackson-core,e5cbda207aa2b9e69da0f63bb79df5d9d072872b,1,parseInt,src/main/java/com/fasterxml/jackson/core/io/NumberInput.java,True
java,FasterXML/jackson-core,3bb3bcca5a69d16836633ca8907fe45c7d273b54,1,getByteValue,src/main/java/com/fasterxml/jackson/core/JsonParser.java,True
java,FasterXML/jackson-core,3bb3bcca5a69d16836633ca8907fe45c7d273b54,2,getShortValue,src/main/java/com/fasterxml/jackson/core/JsonParser.java,True
java,FasterXML/jackson-core,e9972871d6dcc24cfb56440c46e1f085a31b85ec,1,readValueAsTree,src/main/java/com/fasterxml/jackson/core/JsonParser.java,True
java,apache/commons-cli,d9f575d13a488ffa78276acd2010b4b8b9e651e4,1,getParsedOptionValue,src/main/java/org/apache/commons/cli/CommandLine.java,True
java,apache/commons-cli,d9f575d13a488ffa78276acd2010b4b8b9e651e4,2,getParsedOptionValue,src/main/java/org/apache/commons/cli/CommandLine.java,True
java,apache/commons-cli,d9f575d13a488ffa78276acd2010b4b8b9e651e4,3,getValues,src/main/java/org/apache/commons/cli/Option.java,True
java,apache/commons-cli,d9f575d13a488ffa78276acd2010b4b8b9e651e4,4,getValues,src/main/java/org/apache/commons/cli/Option.java,True
java,apache/commons-cli,3d57a495145916d1cd183cced771935c06da786a,1,isRequired,src/main/java/org/apache/commons/cli/Option.java,True
java,apache/commons-compress,75a7edc742215c3354befe8fc0ec6d4ffe3bd663,1,create,src/main/java/org/apache/commons/compress/archivers/Archiver.java,True
java,apache/commons-compress,75a7edc742215c3354befe8fc0ec6d4ffe3bd663,2,expand,src/main/java/org/apache/commons/compress/archivers/Expander.java,True
java,apache/commons-compress,83a60efd851940e42480f35c9961cc5005ff19fb,1,copy,src/main/java/org/apache/commons/compress/utils/IOUtils.java,True
java,apache/commons-compress,83a60efd851940e42480f35c9961cc5005ff19fb,2,copy,src/main/java/org/apache/commons/compress/utils/IOUtils.java,True
java,apache/commons-compress,83a60efd851940e42480f35c9961cc5005ff19fb,3,copyRange,src/main/java/org/apache/commons/compress/utils/IOUtils.java,True
java,apache/commons-compress,eeef24203a7fa3d9f20c209f01cd1a3aaa7c48d9,1,createArchiveInputStream,src/main/java/org/apache/commons/compress/archivers/ArchiveStreamFactory.java,True
java,apache/commons-compress,eeef24203a7fa3d9f20c209f01cd1a3aaa7c48d9,2,createArchiveInputStream,src/main/java/org/apache/commons/compress/archivers/ArchiveStreamFactory.java,True
java,apache/commons-compress,eeef24203a7fa3d9f20c209f01cd1a3aaa7c48d9,3,createArchiveOutputStream,src/main/java/org/apache/commons/compress/archivers/ArchiveStreamFactory.java,True
java,JodaOrg/joda-time,d60dc845888e826919c3f79025431ba4d95c7236,1,setDuration,JodaTime/src/java/org/joda/time/MutableDuration.java,True
java,JodaOrg/joda-time,d60dc845888e826919c3f79025431ba4d95c7236,2,setDuration,JodaTime/src/java/org/joda/time/MutableDuration.java,True
java,JodaOrg/joda-time,d60dc845888e826919c3f79025431ba4d95c7236,3,setTotalMillis,JodaTime/src/java/org/joda/time/MutableDuration.java,True
java,JodaOrg/joda-time,d60dc845888e826919c3f79025431ba4d95c7236,4,add,JodaTime/src/java/org/joda/time/MutableDuration.java,True
java,JodaOrg/joda-time,0973b46039c4db0be3a969d36c220dee1e1fb4da,1,setPeriod,src/main/java/org/joda/time/MutablePeriod.java,True
java,JodaOrg/joda-time,0973b46039c4db0be3a969d36c220dee1e1fb4da,2,setPeriod,src/main/java/org/joda/time/MutablePeriod.java,True
java,JodaOrg/joda-time,cb28cb59711355f0b0f61e9eb81a9fcf377b277e,1,toString,src/main/java/org/joda/time/LocalTime.java,True
java,JodaOrg/joda-time,706ccf2e451b3b40962cd0455564f7b5a64d8072,1,toString,JodaTime/src/java/org/joda/time/LocalTime.java,True
java,JodaOrg/joda-time,706ccf2e451b3b40962cd0455564f7b5a64d8072,2,toString,JodaTime/src/java/org/joda/time/MutableDateTime.java,True
java,JodaOrg/joda-time,e433f2e9c8599de1e4f2e0d4d7312a875818b8d1,1,appendSeparatorIfFieldsBefore,JodaTime/src/java/org/joda/time/format/PeriodFormatterBuilder.java,True
java,mockito/mockito,3b7df7d0bdfacfc1c62eb4fcdc082b1d57b8b57a,1,verify,src/org/mockito/Mockito.java,True
java,google/gson,7a9fd5962dce7f277efa15fcc996606be0733bac,1,fromJson,gson/src/main/java/com/google/gson/Gson.java,True
java,google/gson,baf9591d3b0eea51434f1e2ef726c29bd35c85d5,1,getAsNumber,gson/src/main/java/com/google/gson/JsonPrimitive.java,True
java,google/gson,baf9591d3b0eea51434f1e2ef726c29bd35c85d5,2,getAsDouble,gson/src/main/java/com/google/gson/JsonPrimitive.java,True
java,google/gson,baf9591d3b0eea51434f1e2ef726c29bd35c85d5,3,getAsInt,gson/src/main/java/com/google/gson/JsonPrimitive.java,True
java,jfree/jfreechart,19e59d8dad31c1b67bfd50d19a5018100c7908ae,1,setSymbols,src/main/java/org/jfree/chart/axis/SymbolAxis.java,False
java,jfree/jfreechart,099beaa31597ae54f186f6f0362a8796ccec358f,1,getGap,source/org/jfree/chart/plot/CombinedDomainCategoryPlot.java,False
java,jfree/jfreechart,56ea659295af704479fd6f5c62816048afc89981,1,getOutliers,source/org/jfree/data/statistics/DefaultBoxAndWhiskerXYDataset.java,False
java,apache/commons-csv,ad0acc17e1dd3330993ff17cf5290c588bcb5c18,1,isSet,src/main/java/org/apache/commons/csv/CSVRecord.java,False
java,apache/commons-csv,883511fa42166b3c8b860abe4a0bead8591c15e6,1,getLineNumber,src/main/java/org/apache/commons/csv/ExtendedBufferedReader.java,False
java,apache/commons-csv,517bf0d58374d53d8fa92e4f0593ec8db8e6d8e7,1,readLine,src/main/java/org/apache/commons/csv/ExtendedBufferedReader.java,False
java,apache/commons-csv,e697318e68670c5f4234db519fe1c06f860b942e,1,getLineNumber,src/main/java/org/apache/commons/csv/ExtendedBufferedReader.java,False
java,apache/commons-csv,82b6d2e7b4f8114747e4758d3e4e61eaf276ff54,1,withCommentMarker,src/main/java/org/apache/commons/csv/CSVFormat.java,False
java,apache/commons-csv,82b6d2e7b4f8114747e4758d3e4e61eaf276ff54,2,withRecordSeparator,src/main/java/org/apache/commons/csv/CSVFormat.java,False
java,apache/commons-csv,82b6d2e7b4f8114747e4758d3e4e61eaf276ff54,3,withQuote,src/main/java/org/apache/commons/csv/CSVFormat.java,False
java,apache/commons-csv,2465f5e8f627d13d61a9b3cfa9feac845850691b,1,hasComment,src/main/java/org/apache/commons/csv/CSVRecord.java,False
java,apache/commons-codec,7cae886f2de60fabc37d36a1ddd09473c5aeaa46,1,crypt,src/main/java/org/apache/commons/codec/digest/UnixCrypt.java,False
java,apache/commons-codec,6175c99ee3055b3a87d9c51e59ab8be22a4c1cfc,1,crypt,src/main/java/org/apache/commons/codec/digest/Crypt.java,False
java,apache/commons-codec,f3fe3afb3f301f236328801bfcd272de57dbccd5,1,hash32,src/main/java/org/apache/commons/codec/digest/MurmurHash2.java,False
java,apache/commons-codec,70191f0f7945e35f89d5f0ff2cce4beeeae6d3fd,1,append ,src/main/java/org/apache/commons/codec/language/bm/PhoneticEngine.java,False
java,apache/commons-codec,eabb90925568f9e4b04754918840db8156e5444a,1,encodeBase64String,src/java/org/apache/commons/codec/binary/Base64.java,False
java,apache/commons-codec,f3fe3afb3f301f236328801bfcd272de57dbccd5,2,hash64,src/main/java/org/apache/commons/codec/digest/MurmurHash2.java,False
java,jhy/jsoup,dbc1e34bdeede1cabee58b65bceb02f930ce5d88,1,not,src/main/java/org/jsoup/select/Elements.java,False
java,jhy/jsoup,6e14804768c3553c0670ea08135675d67d51d811,1,select,src/main/java/org/jsoup/nodes/Element.java,False
java,jhy/jsoup,6e14804768c3553c0670ea08135675d67d51d811,2,select,src/main/java/org/jsoup/select/Selector.java,False
java,/jsoup,deaf9f6a51b928dcad619fd8300ee3926345d1ea,1,appendChild,src/main/java/org/jsoup/nodes/Element.java,False
java,jhy/jsoup,deaf9f6a51b928dcad619fd8300ee3926345d1ea,2,prependChild,src/main/java/org/jsoup/nodes/Element.java,False
java,jhy/jsoup,7ff15ee20c961e370837d8f96ae77886ecd910d8,1,child,src/main/java/org/jsoup/nodes/Element.java,False
java,jhy/jsoup,38b32245201b405185c2c36c52637f8b27ddbdd2,1,parse,src/main/java/org/jsoup/Jsoup.java,False
java,jhy/jsoup,4dc96506ca76074e59341cf1e7ef46450baf777a,1,ownText,src/main/java/org/jsoup/nodes/Element.java,False
java,FasterXML/jackson-core,aa54f0a1b25b84fbdc50af69e71fdd40fcb65be1,1,parseInt,src/main/java/com/fasterxml/jackson/core/io/NumberInput.java,False
java,FasterXML/jackson-core,56de216f11e5b1e2b2fba7467ab3c11a4bee4130,1,getByteValue,src/main/java/com/fasterxml/jackson/core/JsonParser.java,False
java,FasterXML/jackson-core,56de216f11e5b1e2b2fba7467ab3c11a4bee4130,2,getShortValue,src/main/java/com/fasterxml/jackson/core/JsonParser.java,False
java,FasterXML/jackson-core,ea603c35b85aac6af476c229b8f17a72efd31fef,1,readValueAsTree,src/main/java/com/fasterxml/jackson/core/JsonParser.java,False
java,apache/commons-cli,764c1487067383f4fb72dbde8913fba2d6c422ab,1,getParsedOptionValue,src/main/java/org/apache/commons/cli/CommandLine.java,False
java,apache/commons-cli,764c1487067383f4fb72dbde8913fba2d6c422ab,2,getParsedOptionValue,src/main/java/org/apache/commons/cli/CommandLine.java,False
java,apache/commons-cli,764c1487067383f4fb72dbde8913fba2d6c422ab,3,getValues,src/main/java/org/apache/commons/cli/Option.java,False
java,apache/commons-cli,764c1487067383f4fb72dbde8913fba2d6c422ab,4,getValues,src/main/java/org/apache/commons/cli/Option.java,False
java,apache/commons-cli,b88c9ba0b2c8a8a21862d405bf24098f7037dbed,1,isRequired,src/main/java/org/apache/commons/cli/Option.java,False
java,apache/commons-compress,78cf6565c6c000de7eb61456454717523c4e6966,1,create,src/main/java/org/apache/commons/compress/archivers/Archiver.java,False
java,apache/commons-compress,78cf6565c6c000de7eb61456454717523c4e6966,2,expand,src/main/java/org/apache/commons/compress/archivers/Expander.java,False
java,apache/commons-compress,6dff447e7de687566f9edf6197ed92be07ff4547,1,copy,src/main/java/org/apache/commons/compress/utils/IOUtils.java,False
java,apache/commons-compress,6dff447e7de687566f9edf6197ed92be07ff4547,2,copy,src/main/java/org/apache/commons/compress/utils/IOUtils.java,False
java,apache/commons-compress,6dff447e7de687566f9edf6197ed92be07ff4547,3,copyRange,src/main/java/org/apache/commons/compress/utils/IOUtils.java,False
java,apache/commons-compress,60de87b833bbe40a8d0855c726f502c9c71a477e,1,createArchiveInputStream,src/main/java/org/apache/commons/compress/archivers/ArchiveStreamFactory.java,False
java,apache/commons-compress,60de87b833bbe40a8d0855c726f502c9c71a477e,2,createArchiveInputStream,src/main/java/org/apache/commons/compress/archivers/ArchiveStreamFactory.java,False
java,apache/commons-compress,60de87b833bbe40a8d0855c726f502c9c71a477e,3,createArchiveOutputStream,src/main/java/org/apache/commons/compress/archivers/ArchiveStreamFactory.java,False
java,JodaOrg/joda-time,e148b58e708c4f8bf450100a75df071406123bcd,1,setDuration,JodaTime/src/java/org/joda/time/MutableDuration.java,False
java,JodaOrg/joda-time,e148b58e708c4f8bf450100a75df071406123bcd,2,setDuration,JodaTime/src/java/org/joda/time/MutableDuration.java,False
java,JodaOrg/joda-time,e148b58e708c4f8bf450100a75df071406123bcd,3,setTotalMillis,JodaTime/src/java/org/joda/time/MutableDuration.java,False
java,JodaOrg/joda-time,e148b58e708c4f8bf450100a75df071406123bcd,4,add,JodaTime/src/java/org/joda/time/MutableDuration.java,False
java,JodaOrg/joda-time,7bdb324b061d051a8ad03c6ae27de755a53e54a0,1,setPeriod,src/main/java/org/joda/time/MutablePeriod.java,False
java,JodaOrg/joda-time,7bdb324b061d051a8ad03c6ae27de755a53e54a0,2,setPeriod,src/main/java/org/joda/time/MutablePeriod.java,False
java,JodaOrg/joda-time,da86724314ec8b7f12396aa35aa70e619cbc82fd,1,toString,src/main/java/org/joda/time/LocalTime.java,False
java,JodaOrg/joda-time,62ea1bfa32188c029a5032862d84d66ced164a24,1,toString,JodaTime/src/java/org/joda/time/LocalTime.java,False
java,JodaOrg/joda-time,62ea1bfa32188c029a5032862d84d66ced164a24,2,toString,JodaTime/src/java/org/joda/time/MutableDateTime.java,False
java,JodaOrg/joda-time,411a924d87a60e9f6c88b46241da32736acbf1e4,1,appendSeparatorIfFieldsBefore,JodaTime/src/java/org/joda/time/format/PeriodFormatterBuilder.java,False
java,mockito/mockito,5cf74b9ad0e609eb41fb812fb2fd02ee24eb022e,1,verify,src/org/mockito/Mockito.java,False
java,google/gson,ddcd6aea7d2069b13afd142646f6c92b8af63acb,1,fromJson,gson/src/main/java/com/google/gson/Gson.java,False
java,google/gson,28567508ea50e15f63807277d1a72ec9060eb5ad,1,getAsNumber,gson/src/main/java/com/google/gson/JsonPrimitive.java,False
java,google/gson,28567508ea50e15f63807277d1a72ec9060eb5ad,2,getAsDouble,gson/src/main/java/com/google/gson/JsonPrimitive.java,False
java,google/gson,28567508ea50e15f63807277d1a72ec9060eb5ad,3,getAsInt,gson/src/main/java/com/google/gson/JsonPrimitive.java,False
python,scikit-learn/scikit-learn,e504dc6c78585dbf655b4f1dc945691b5cefad68,,,,True
python,scikit-learn/scikit-learn,d80b0c7216ed64aa62f1dcd3a18bf28d83198c6b,,,,True
python,scikit-learn/scikit-learn,c4e4d34ed962d1c0734e98fdb9ef77d06a64903a,,,,True
python,scikit-learn/scikit-learn,395761a76397a560303f00d3db24a50a00ca11ed,,,,True
python,scikit-learn/scikit-learn,33e6a8d59476b32c061ed096baf35a5954e5dc97,,,,True
python,scikit-learn/scikit-learn,457b02c61a2f3cd353d2997929b67a3ef890bf60,,,,True
python,scikit-learn/scikit-learn,57dde82f7cf86d93de638d0527400bc3baa6cabe,,,,True
python,scikit-learn/scikit-learn,d062e179c7a4f8c84e00858e2747f13212c5e83c,,,,True
python,scikit-learn/scikit-learn,076088fe9ebed877633410f02175a4b732533a4c,,,,True
python,scikit-learn/scikit-learn,ec1bdbc54c4af97d2249cd278b01166ff22efa5e,,,,True
python,scikit-learn/scikit-learn,30e83cfbcef3115d6bc24ed727f064c14ddc4ea1,,,,True
python,scikit-learn/scikit-learn,51acc9dda812efca3c28d97ddc380c421c4949db,,,,True
python,scikit-learn/scikit-learn,8043403701fa7cdfad881ae8ea0e2c393742e9ff,,,,True
python,scikit-learn/scikit-learn,ff85a34c95a9d8de13805be55f1a72f1b7ee2a42,,,,True
python,scikit-learn/scikit-learn,c5f4fa7c6a6223d89d9088df3d9193c28fd10fdd,,,,True
python,scikit-learn/scikit-learn,65a4de58e946398ae000d2046241d7ecc9b5533b,,,,True
python,scikit-learn/scikit-learn,b4df4cdc7c8e99850037187ed9f2d1ae13f15ba0,,,,True
python,scikit-learn/scikit-learn,6478e4bf6dce06f4864fda1c9fe6071a123ccd9b,,,,True
python,scikit-learn/scikit-learn,7db70d5b7988e069088f9956a28f1039e799b709,,,,True
python,pandas-dev/pandas,e3ae055ab220f9ca9836b3229374cafc46397c18,,,,True
python,pandas-dev/pandas,214ef331e51ca300c441bee7bea80fe65fb2e53b,,,,True
python,pandas-dev/pandas,7db70d5b7988e069088f9956a28f1039e799b709,,,,True
python,pandas-dev/pandas,602ae10f3d0d599ebbdd151e8a09f0baf20b4637,,,,True
python,pandas-dev/pandas,61ae3ca4b3eb390b5c4bb30eed765a9c54c54fdc,,,,True
python,pandas-dev/pandas,e0d26057797a068b8becb3a1e3785e6d8286a147,,,,True
python,pandas-dev/pandas,8191643428d128e24d4e499abd07c549073eb2df,,,,True
python,scipy/scipy,81f1dae57095164c67f86b70bced861da565dec1,,,,True
python,scipy/scipy,8416875870e078ef25a30720069104ce2dfa857a,,,,True
python,scipy/scipy,8b32878c0bdf7716c6c58973f55cbe8c2e0b5c3d,,,,True
python,scipy/scipy,bb40a8dfa3c4ddbe51686e758e9de6e2a79faa87,,,,True
python,scipy/scipy,fdcd434daddb652a6f7cd82bd90ec11cfa160c06,,,,True
python,scipy/scipy,a36234450010139d1472e269f341256ef83bd371,,,,True
python,scipy/scipy,5726f3a1279a8ec7d8663694687f3a2bb539ef6f,,,,True
python,scipy/scipy,eb83a9d1a5ae209bdfb481b31f5d1121c8b57685,,,,True
python,scipy/scipy,0140d6e77291aa9ec267ae5a367f41034e0cb3fe,,,,True
python,scipy/scipy,3c4be670488ec4378ec009fe81d2f9c6a8e7f4b6,,,,True
python,scipy/scipy,550b28e345623c79fa5a67a8873c3562326c0b3f,,,,True
python,scipy/scipy,8b7b234e820defd65bab53894a6d368da953c4c4,,,,True
python,scipy/scipy,034b1d3103b18d34565b8d8d9f32bf2fcf6b94d5,,,,True
python,scipy/scipy,8ef583067438a16e7f3a4bed2e109168f16dfda8,,,,True
python,scipy/scipy,132cbcbb9ec093f743ddafc21c21dbded7aebeb5,,,,True
python,scipy/scipy,6ed57157efe753c23998045b0214dd8827af531f,,,,True
python,scipy/scipy,9b0c66f564d85d0c3c6eea2a2704df1e3b09b48f,,,,True
python,scipy/scipy,56a9fa7fed8c71718f3480eab2260123a9232e31,,,,True
python,scipy/scipy,70507072dd643b52255f3410436a5acf53ec218c,,,,True
python,scipy/scipy,d42cfaba2b0c50e2d755ae1cc2f1382c2badd3c9,,,,True
python,scipy/scipy,cba08d3100bb7dfa37680aaa1d92985f4d8e514f,,,,True
python,scipy/scipy,08311a5b308d8398697d43aa5cc988093db1a92f,,,,True
python,scipy/scipy,5811dfcc5339aaaca4ab29b6155993dec7144756,,,,True
python,scipy/scipy,17532f8e19b3101dd9daa05727ceb11bdd2284ef,,,,True
python,scipy/scipy,2c4016c6a644d827a62e4863c260baee380e0d17,,,,True
python,scipy/scipy,ed7a686f9887d8d3b349212fa0402bd15f671fcf,,,,True
python,scipy/scipy,00f06223697031e02a971a45c10573830aaf6c6e,,,,True
python,scipy/scipy,a07b82fd26a63fcc0cde10d218e45f7075a0879b,,,,True
python,scipy/scipy,fa21e840ad69fbac7ff600a7ef2b36929c18b975,,,,True
python,scipy/scipy,ca77d6abdfff62433e1240ad728b067b6f4899f4,,,,True
python,numpy/numpy,,,,,True
python,numpy/numpy,,,,,True
python,numpy/numpy,,,,,True
python,numpy/numpy,,,,,True
python,numpy/numpy,,,,,True
python,numpy/numpy,,,,,True
python,numpy/numpy,,,,,True
python,numpy/numpy,,,,,True
python,numpy/numpy,,,,,True
python,numpy/numpy,,,,,True
python,numpy/numpy,,,,,True
python,numpy/numpy,,,,,True
python,numpy/numpy,,,,,True
python,numpy/numpy,,,,,True
python,numpy/numpy,,,,,True
python,numpy/numpy,,,,,True
python,numpy/numpy,,,,,True
python,numpy/numpy,,,,,True
python,keras-team/keras,,,,,True
python,keras-team/keras,,,,,True
python,keras-team/keras,,,,,True
python,keras-team/keras,,,,,True
python,statsmodels/statsmodels,,,,,True
python,statsmodels/statsmodels,,,,,True
python,statsmodels/statsmodels,,,,,True
python,statsmodels/statsmodels,,,,,True
python,statsmodels/statsmodels,,,,,True
python,statsmodels/statsmodels,,,,,True
python,statsmodels/statsmodels,,,,,True
python,statsmodels/statsmodels,,,,,True
python,statsmodels/statsmodels,,,,,True
python,statsmodels/statsmodels,,,,,True
rust,apache/arrow-rs,,,,,True
rust,apache/arrow-rs,,,,,True
rust,apache/arrow-rs,,,,,True
rust,apache/arrow-rs,,,,,True
rust,apache/arrow-rs,,,,,True
rust,apache/arrow-rs,,,,,True
rust,apache/arrow-rs,,,,,True
rust,apache/arrow-rs,,,,,True
rust,gyscos/cursive,,,,,True
rust,gyscos/cursive,,,,,True
rust,databendlabs/databend,,,,,True
rust,bitshifter/glam-rs,,,,,True
rust,GrayJack/janetrs,,,,,True
rust,pgcentralfoundation/pgrx,,,,,True
rust,pola-rs/polars,,,,,True
rust,pola-rs/polars,,,,,True
rust,pola-rs/polars,,,,,True
rust,rerun-io/rerun,,,,,True
rust,avhz/RustQuant,,,,,True
rust,avhz/RustQuant,,,,,True
rust,tokio-rs/tokio,,,,,True
rust,tokio-rs/tokio,,,,,True
rust,tokio-rs/tokio,,,,,True
rust,tokio-rs/tokio,,,,,True
rust,tokio-rs/tokio,,,,,True
rust,tokio-rs/tokio,,,,,True
rust,tokio-rs/tokio,,,,,True
rust,tokio-rs/tokio,,,,,True
rust,tokio-rs/tokio,,,,,True
rust,tokio-rs/tokio,,,,,True
rust,rust-random/rand,,,,,True
rust,rust-lang/regex,,,,,True
rust,rust-lang/regex,,,,,True
rust,rust-lang/regex,,,,,True
rust,rust-lang/regex,,,,,True
rust,rayon-rs/rayon,,,,,True
rust,rayon-rs/rayon,,,,,True
rust,rayon-rs/rayon,,,,,True
csharp,dotnet/runtime,,,,,True
csharp,dotnet/runtime,,,,,True
csharp,dotnet/runtime,,,,,True
csharp,dotnet/runtime,,,,,True
csharp,dotnet/runtime,,,,,True
csharp,dotnet/runtime,,,,,True
csharp,dotnet/runtime,,,,,True
csharp,dotnet/runtime,,,,,True
csharp,dotnet/runtime,,,,,True
csharp,dotnet/runtime,,,,,True
csharp,dotnet/runtime,,,,,True
csharp,dotnet/runtime,,,,,True
csharp,dotnet/runtime,,,,,True
csharp,dotnet/runtime,,,,,True
csharp,dotnet/aspnetcore,,,,,True
csharp,dotnet/aspnetcore,,,,,True
csharp,dotnet/aspnetcore,,,,,True
csharp,dotnet/roslyn,,,,,True
csharp,dotnet/roslyn,,,,,True
csharp,dotnet/efcore,,,,,True
csharp,dotnet/efcore,,,,,True
csharp,AvaloniaUI/Avalonia,,,,,True
csharp,AvaloniaUI/Avalonia,,,,,True
csharp,AvaloniaUI/Avalonia,,,,,True
csharp,attentiondotnet/akka.net,,,,,True
csharp,attentiondotnet/akka.net,,,,,True
csharp,ardalis/SmartEnum,,,,,True
csharp,krob527/SK-MS,,,,,True
csharp,I-mho/ImageSharp,,,,,True
csharp,I-mho/ImageSharp,,,,,True
csharp,Washi1337/AsmResolver,,,,,True
csharp,myliu99/JSON,,,,,True
csharp,myliu99/JSON,,,,,True
csharp,kurrent-io/KurrentDB,,,,,True
csharp,FluentValidation/FluentValidation,,,,,True
csharp,FluentValidation/FluentValidation,,,,,True
csharp,paliwaladitya1/Humaziner,,,,,True
csharp,EPPlusSoftware/EPPlus,,,,,True
python,scikit-learn/scikit-learn,,,,,True
python,scikit-learn/scikit-learn,,,,,True
python,scikit-learn/scikit-learn,,,,,True
python,scikit-learn/scikit-learn,,,,,True
python,scikit-learn/scikit-learn,,,,,True
python,scikit-learn/scikit-learn,,,,,True
python,scikit-learn/scikit-learn,,,,,True
python,scikit-learn/scikit-learn,,,,,True
python,scikit-learn/scikit-learn,,,,,True
python,scikit-learn/scikit-learn,,,,,True
python,scikit-learn/scikit-learn,,,,,True
python,scikit-learn/scikit-learn,,,,,True
python,scikit-learn/scikit-learn,,,,,True
python,scikit-learn/scikit-learn,,,,,True
python,scikit-learn/scikit-learn,,,,,True
python,scikit-learn/scikit-learn,,,,,True
python,scikit-learn/scikit-learn,,,,,True
python,scikit-learn/scikit-learn,,,,,True
python,scikit-learn/scikit-learn,,,,,True